Title,Price,Date
Under Armour UA Charged Pursuit 3 Koşu AyakkabısıErkek,"1.418
                    
                     ,",2025-07-31
Under Armour UA Charged Pursuit 3 Koşu AyakkabısıErkek,"1.418
                    
                     ,",2025-07-31
"
                  Under Armour UA Charged Pursuit 3 Koşu AyakkabısıErkek
                 ","
                    1.418
                    
                     ,
                    
",2025-07-31
"
                  Under Armour UA Charged Pursuit 3 Koşu AyakkabısıErkek
                 ","
                    1.418
                    
                     ,
                    
",2025-07-31
"
                  Under Armour UA Charged Pursuit 3 Koşu AyakkabısıErkek
                 ","
                    1.418
                    
                     ,
                    
",2025-07-31
"
                  Under Armour UA Charged Pursuit 3 Koşu AyakkabısıErkek
                 ","
                    1.418
                    
                     ,
                    
",2025-07-31
"
                  Under Armour UA Charged Pursuit 3 Koşu AyakkabısıErkek
                 ","
                    1.418
                    
                     ,
                    
",2025-07-31
"
                  Under Armour UA Charged Pursuit 3 Koşu AyakkabısıErkek
                 ","
                    1.418
                    
                     ,
                    
",2025-07-31
"
                  Under Armour UA Charged Pursuit 3 Koşu AyakkabısıErkek
                 ","
                    1.418
                    
                     ,
                    
",2025-07-31
"
                  Under Armour UA Charged Pursuit 3 Koşu AyakkabısıErkek
                 ","
                    1.418
                    
                     ,
                    
",2025-07-31
"
                  Under Armour UA Charged Pursuit 3 Koşu AyakkabısıErkek
                 ","
                    1.418
                    
                     ,
                    
",2025-07-31
"
                  Under Armour UA Charged Pursuit 3 Koşu AyakkabısıErkek
                 ","
                    1.418
                    
                     ,
                    
",2025-07-31
"
                  Under Armour UA Charged Pursuit 3 Koşu AyakkabısıErkek
                 ","
                    1.418
                    
                     ,
                    
",2025-07-31
"
                  Under Armour UA Charged Pursuit 3 Koşu AyakkabısıErkek
                 ","
                    1.418
                    
                     ,
                    
",2025-07-31
"
                  Under Armour UA Charged Pursuit 3 Koşu AyakkabısıErkek
                 ","
                    1.418
                    
                     ,
                    
",2025-07-31
"
                  Under Armour UA Charged Pursuit 3 Koşu AyakkabısıErkek
                 ","
                    1.418
                    
                     ,
                    
",2025-07-31
"
                  Under Armour UA Charged Pursuit 3 Koşu AyakkabısıErkek
                 ","
                    1.418
                    
                     ,
                    
",2025-07-31
"
                  Under Armour UA Charged Pursuit 3 Koşu AyakkabısıErkek
                 ","
                    1.418
                    
                     ,
                    
",2025-07-31
"
                  Under Armour UA Charged Pursuit 3 Koşu AyakkabısıErkek
                 ","
                    1.418
                    
                     ,
                    
",2025-07-31
"
                  Under Armour UA Charged Pursuit 3 Koşu AyakkabısıErkek
                 ","
                    1.418
                    
                     ,
                    
",2025-07-31
"
                  Under Armour UA Charged Pursuit 3 Koşu AyakkabısıErkek
                 ","
                    1.418
                    
                     ,
                    
",2025-07-31
"
                  Under Armour UA Charged Pursuit 3 Koşu AyakkabısıErkek
                 ","
                    1.418
                    
                     ,
                    
",2025-07-31
"
                  Under Armour UA Charged Pursuit 3 Koşu AyakkabısıErkek
                 ","
                    1.418
                    
                     ,
                    
",2025-07-31
"
                  Under Armour UA Charged Pursuit 3 Koşu AyakkabısıErkek
                 ","
                    1.418
                    
                     ,
                    
",2025-07-31
"
                  Under Armour UA Charged Pursuit 3 Koşu AyakkabısıErkek
                 ","
                    1.418
                    
                     ,
                    
",2025-07-31
"
                  Under Armour UA Charged Pursuit 3 Koşu AyakkabısıErkek
                 ","
                    1.418
                    
                     ,
                    
",2025-07-31
